ts,type,anon_id,candidate,internship_id,title,score
2025-09-21T08:48:02.869042,impression,658f910ae34b141e5c87b77ec17fc8816c8f14f2955c1553b63971562fa4ef27,"{""education"": ""b.tech"", ""skills"": [""data visualization"", ""python"", ""sql""], ""sector"": [""it""], ""location"": [""hyderabad""]}",49,sports analytics intern,60.36846600188597
2025-09-21T08:48:02.965965,impression,658f910ae34b141e5c87b77ec17fc8816c8f14f2955c1553b63971562fa4ef27,"{""education"": ""b.tech"", ""skills"": [""data visualization"", ""python"", ""sql""], ""sector"": [""it""], ""location"": [""hyderabad""]}",43,sports analytics intern,55.36846600188596
2025-09-21T08:48:02.988936,impression,658f910ae34b141e5c87b77ec17fc8816c8f14f2955c1553b63971562fa4ef27,"{""education"": ""b.tech"", ""skills"": [""data visualization"", ""python"", ""sql""], ""sector"": [""it""], ""location"": [""hyderabad""]}",290,sports analytics intern,55.36846600188596
2025-09-21T08:48:03.011934,impression,658f910ae34b141e5c87b77ec17fc8816c8f14f2955c1553b63971562fa4ef27,"{""education"": ""b.tech"", ""skills"": [""data visualization"", ""python"", ""sql""], ""sector"": [""it""], ""location"": [""hyderabad""]}",298,sports analytics intern,55.36846600188596
2025-09-21T08:48:03.031935,impression,658f910ae34b141e5c87b77ec17fc8816c8f14f2955c1553b63971562fa4ef27,"{""education"": ""b.tech"", ""skills"": [""data visualization"", ""python"", ""sql""], ""sector"": [""it""], ""location"": [""hyderabad""]}",320,sports analytics intern,55.36846600188596
2025-09-21T08:48:13.296869,impression,658f910ae34b141e5c87b77ec17fc8816c8f14f2955c1553b63971562fa4ef27,"{""education"": ""b.tech"", ""skills"": [""data visualization"", ""python"", ""sql""], ""sector"": [""it""], ""location"": [""hyderabad""]}",49,sports analytics intern,60.36846600188597
2025-09-21T08:48:13.313827,impression,658f910ae34b141e5c87b77ec17fc8816c8f14f2955c1553b63971562fa4ef27,"{""education"": ""b.tech"", ""skills"": [""data visualization"", ""python"", ""sql""], ""sector"": [""it""], ""location"": [""hyderabad""]}",43,sports analytics intern,55.36846600188596
2025-09-21T08:48:13.328827,impression,658f910ae34b141e5c87b77ec17fc8816c8f14f2955c1553b63971562fa4ef27,"{""education"": ""b.tech"", ""skills"": [""data visualization"", ""python"", ""sql""], ""sector"": [""it""], ""location"": [""hyderabad""]}",290,sports analytics intern,55.36846600188596
2025-09-21T08:48:13.345602,impression,658f910ae34b141e5c87b77ec17fc8816c8f14f2955c1553b63971562fa4ef27,"{""education"": ""b.tech"", ""skills"": [""data visualization"", ""python"", ""sql""], ""sector"": [""it""], ""location"": [""hyderabad""]}",298,sports analytics intern,55.36846600188596
2025-09-21T08:48:13.362801,impression,658f910ae34b141e5c87b77ec17fc8816c8f14f2955c1553b63971562fa4ef27,"{""education"": ""b.tech"", ""skills"": [""data visualization"", ""python"", ""sql""], ""sector"": [""it""], ""location"": [""hyderabad""]}",320,sports analytics intern,55.36846600188596
2025-09-21T08:48:13.378705,impression,658f910ae34b141e5c87b77ec17fc8816c8f14f2955c1553b63971562fa4ef27,"{""education"": ""b.tech"", ""skills"": [""data visualization"", ""python"", ""sql""], ""sector"": [""it""], ""location"": [""hyderabad""]}",404,sports analytics intern,55.36846600188596
2025-09-21T08:48:13.396955,impression,658f910ae34b141e5c87b77ec17fc8816c8f14f2955c1553b63971562fa4ef27,"{""education"": ""b.tech"", ""skills"": [""data visualization"", ""python"", ""sql""], ""sector"": [""it""], ""location"": [""hyderabad""]}",438,sports analytics intern,55.36846600188596
2025-09-21T08:49:13.003292,impression,9b254237bcc7525c54c687c67564eed88ec21cea0808054ff7b3f83532cc8652,"{""education"": ""12th"", ""skills"": [""data visualization"", ""python"", ""sql""], ""sector"": [""it""], ""location"": [""hyderabad""]}",49,sports analytics intern,59.468466001885965
2025-09-21T08:49:13.026294,impression,9b254237bcc7525c54c687c67564eed88ec21cea0808054ff7b3f83532cc8652,"{""education"": ""12th"", ""skills"": [""data visualization"", ""python"", ""sql""], ""sector"": [""it""], ""location"": [""hyderabad""]}",43,sports analytics intern,54.468466001885965
2025-09-21T08:49:13.046308,impression,9b254237bcc7525c54c687c67564eed88ec21cea0808054ff7b3f83532cc8652,"{""education"": ""12th"", ""skills"": [""data visualization"", ""python"", ""sql""], ""sector"": [""it""], ""location"": [""hyderabad""]}",290,sports analytics intern,54.468466001885965
2025-09-21T08:49:13.068292,impression,9b254237bcc7525c54c687c67564eed88ec21cea0808054ff7b3f83532cc8652,"{""education"": ""12th"", ""skills"": [""data visualization"", ""python"", ""sql""], ""sector"": [""it""], ""location"": [""hyderabad""]}",298,sports analytics intern,54.468466001885965
2025-09-21T08:49:13.091289,impression,9b254237bcc7525c54c687c67564eed88ec21cea0808054ff7b3f83532cc8652,"{""education"": ""12th"", ""skills"": [""data visualization"", ""python"", ""sql""], ""sector"": [""it""], ""location"": [""hyderabad""]}",320,sports analytics intern,54.468466001885965
2025-09-21T08:49:13.110278,impression,9b254237bcc7525c54c687c67564eed88ec21cea0808054ff7b3f83532cc8652,"{""education"": ""12th"", ""skills"": [""data visualization"", ""python"", ""sql""], ""sector"": [""it""], ""location"": [""hyderabad""]}",404,sports analytics intern,54.468466001885965
2025-09-21T08:49:13.128282,impression,9b254237bcc7525c54c687c67564eed88ec21cea0808054ff7b3f83532cc8652,"{""education"": ""12th"", ""skills"": [""data visualization"", ""python"", ""sql""], ""sector"": [""it""], ""location"": [""hyderabad""]}",438,sports analytics intern,54.468466001885965
2025-09-21T08:49:40.649463,impression,9b254237bcc7525c54c687c67564eed88ec21cea0808054ff7b3f83532cc8652,"{""education"": ""12th"", ""skills"": [""data visualization"", ""python"", ""sql""], ""sector"": [""it""], ""location"": [""hyderabad""]}",49,sports analytics intern,59.468466001885965
2025-09-21T08:49:40.668804,impression,9b254237bcc7525c54c687c67564eed88ec21cea0808054ff7b3f83532cc8652,"{""education"": ""12th"", ""skills"": [""data visualization"", ""python"", ""sql""], ""sector"": [""it""], ""location"": [""hyderabad""]}",43,sports analytics intern,54.468466001885965
2025-09-21T08:49:40.687799,impression,9b254237bcc7525c54c687c67564eed88ec21cea0808054ff7b3f83532cc8652,"{""education"": ""12th"", ""skills"": [""data visualization"", ""python"", ""sql""], ""sector"": [""it""], ""location"": [""hyderabad""]}",290,sports analytics intern,54.468466001885965
2025-09-21T08:49:40.711891,impression,9b254237bcc7525c54c687c67564eed88ec21cea0808054ff7b3f83532cc8652,"{""education"": ""12th"", ""skills"": [""data visualization"", ""python"", ""sql""], ""sector"": [""it""], ""location"": [""hyderabad""]}",298,sports analytics intern,54.468466001885965
2025-09-21T08:49:40.735000,impression,9b254237bcc7525c54c687c67564eed88ec21cea0808054ff7b3f83532cc8652,"{""education"": ""12th"", ""skills"": [""data visualization"", ""python"", ""sql""], ""sector"": [""it""], ""location"": [""hyderabad""]}",320,sports analytics intern,54.468466001885965
2025-09-21T08:49:40.754890,impression,9b254237bcc7525c54c687c67564eed88ec21cea0808054ff7b3f83532cc8652,"{""education"": ""12th"", ""skills"": [""data visualization"", ""python"", ""sql""], ""sector"": [""it""], ""location"": [""hyderabad""]}",404,sports analytics intern,54.468466001885965
2025-09-21T08:49:40.775476,impression,9b254237bcc7525c54c687c67564eed88ec21cea0808054ff7b3f83532cc8652,"{""education"": ""12th"", ""skills"": [""data visualization"", ""python"", ""sql""], ""sector"": [""it""], ""location"": [""hyderabad""]}",438,sports analytics intern,54.468466001885965
2025-09-21T09:13:31.080450,impression,c78995e3ecf639bf361f44944ab77126c076cff8e50f041f61494f1424971c29,"{""education"": ""b.tech"", ""skills"": [""data visualization"", ""python"", ""sql""], ""sector"": [""it""], ""location"": [""gurugram""]}",43,sports analytics intern,52.072088188129605
2025-09-21T09:13:31.147447,impression,c78995e3ecf639bf361f44944ab77126c076cff8e50f041f61494f1424971c29,"{""education"": ""b.tech"", ""skills"": [""data visualization"", ""python"", ""sql""], ""sector"": [""it""], ""location"": [""gurugram""]}",49,sports analytics intern,52.072088188129605
2025-09-21T09:13:31.191995,impression,c78995e3ecf639bf361f44944ab77126c076cff8e50f041f61494f1424971c29,"{""education"": ""b.tech"", ""skills"": [""data visualization"", ""python"", ""sql""], ""sector"": [""it""], ""location"": [""gurugram""]}",290,sports analytics intern,52.072088188129605
2025-09-21T09:13:31.250389,impression,c78995e3ecf639bf361f44944ab77126c076cff8e50f041f61494f1424971c29,"{""education"": ""b.tech"", ""skills"": [""data visualization"", ""python"", ""sql""], ""sector"": [""it""], ""location"": [""gurugram""]}",298,sports analytics intern,52.072088188129605
2025-09-21T09:13:31.293950,impression,c78995e3ecf639bf361f44944ab77126c076cff8e50f041f61494f1424971c29,"{""education"": ""b.tech"", ""skills"": [""data visualization"", ""python"", ""sql""], ""sector"": [""it""], ""location"": [""gurugram""]}",320,sports analytics intern,52.072088188129605
2025-09-21T09:13:31.340769,impression,c78995e3ecf639bf361f44944ab77126c076cff8e50f041f61494f1424971c29,"{""education"": ""b.tech"", ""skills"": [""data visualization"", ""python"", ""sql""], ""sector"": [""it""], ""location"": [""gurugram""]}",404,sports analytics intern,52.072088188129605
2025-09-21T09:13:54.026391,feedback,c78995e3ecf639bf361f44944ab77126c076cff8e50f041f61494f1424971c29,"{""education"": ""b.tech"", ""skills"": [""data visualization"", ""python"", ""sql""], ""sector"": [""it""], ""location"": [""gurugram""]}",43,sports analytics intern,52.072088188129605,useful
2025-09-21T12:15:55.844845,impression,815567befbca088ad52d64ea0cda5ab176d1fc96f75222bb42a5fca5ad0a53eb,"{""education"": ""b.tech"", ""skills"": [""analytics"", ""python""], ""sector"": [""marketing""], ""location"": [""delhi""]}",81,strategy analytics intern,34.73942400080177
2025-09-21T12:15:55.906157,impression,815567befbca088ad52d64ea0cda5ab176d1fc96f75222bb42a5fca5ad0a53eb,"{""education"": ""b.tech"", ""skills"": [""analytics"", ""python""], ""sector"": [""marketing""], ""location"": [""delhi""]}",103,strategy analytics intern,34.73942400080177
2025-09-21T12:15:55.938344,impression,815567befbca088ad52d64ea0cda5ab176d1fc96f75222bb42a5fca5ad0a53eb,"{""education"": ""b.tech"", ""skills"": [""analytics"", ""python""], ""sector"": [""marketing""], ""location"": [""delhi""]}",105,strategy analytics intern,34.73942400080177
2025-09-21T12:15:55.957136,impression,815567befbca088ad52d64ea0cda5ab176d1fc96f75222bb42a5fca5ad0a53eb,"{""education"": ""b.tech"", ""skills"": [""analytics"", ""python""], ""sector"": [""marketing""], ""location"": [""delhi""]}",131,strategy analytics intern,34.73942400080177
2025-09-21T12:15:55.984016,impression,815567befbca088ad52d64ea0cda5ab176d1fc96f75222bb42a5fca5ad0a53eb,"{""education"": ""b.tech"", ""skills"": [""analytics"", ""python""], ""sector"": [""marketing""], ""location"": [""delhi""]}",225,strategy analytics intern,34.73942400080177
2025-09-21T12:16:11.573828,impression,815567befbca088ad52d64ea0cda5ab176d1fc96f75222bb42a5fca5ad0a53eb,"{""education"": ""b.tech"", ""skills"": [""analytics"", ""python""], ""sector"": [""marketing""], ""location"": [""delhi""]}",81,strategy analytics intern,34.73942400080177
2025-09-21T12:16:11.619966,impression,815567befbca088ad52d64ea0cda5ab176d1fc96f75222bb42a5fca5ad0a53eb,"{""education"": ""b.tech"", ""skills"": [""analytics"", ""python""], ""sector"": [""marketing""], ""location"": [""delhi""]}",103,strategy analytics intern,34.73942400080177
2025-09-21T12:16:11.648284,impression,815567befbca088ad52d64ea0cda5ab176d1fc96f75222bb42a5fca5ad0a53eb,"{""education"": ""b.tech"", ""skills"": [""analytics"", ""python""], ""sector"": [""marketing""], ""location"": [""delhi""]}",105,strategy analytics intern,34.73942400080177
2025-09-21T12:16:11.683121,impression,815567befbca088ad52d64ea0cda5ab176d1fc96f75222bb42a5fca5ad0a53eb,"{""education"": ""b.tech"", ""skills"": [""analytics"", ""python""], ""sector"": [""marketing""], ""location"": [""delhi""]}",131,strategy analytics intern,34.73942400080177
2025-09-21T12:16:11.712521,impression,815567befbca088ad52d64ea0cda5ab176d1fc96f75222bb42a5fca5ad0a53eb,"{""education"": ""b.tech"", ""skills"": [""analytics"", ""python""], ""sector"": [""marketing""], ""location"": [""delhi""]}",225,strategy analytics intern,34.73942400080177
2025-09-21T12:16:11.737379,impression,815567befbca088ad52d64ea0cda5ab176d1fc96f75222bb42a5fca5ad0a53eb,"{""education"": ""b.tech"", ""skills"": [""analytics"", ""python""], ""sector"": [""marketing""], ""location"": [""delhi""]}",247,strategy analytics intern,34.73942400080177
2025-09-21T12:16:11.765373,impression,815567befbca088ad52d64ea0cda5ab176d1fc96f75222bb42a5fca5ad0a53eb,"{""education"": ""b.tech"", ""skills"": [""analytics"", ""python""], ""sector"": [""marketing""], ""location"": [""delhi""]}",253,strategy analytics intern,34.73942400080177
2025-09-21T12:16:11.788824,impression,815567befbca088ad52d64ea0cda5ab176d1fc96f75222bb42a5fca5ad0a53eb,"{""education"": ""b.tech"", ""skills"": [""analytics"", ""python""], ""sector"": [""marketing""], ""location"": [""delhi""]}",287,strategy analytics intern,34.73942400080177
2025-09-21T12:16:11.822782,impression,815567befbca088ad52d64ea0cda5ab176d1fc96f75222bb42a5fca5ad0a53eb,"{""education"": ""b.tech"", ""skills"": [""analytics"", ""python""], ""sector"": [""marketing""], ""location"": [""delhi""]}",315,strategy analytics intern,34.73942400080177
2025-09-21T12:16:11.862803,impression,815567befbca088ad52d64ea0cda5ab176d1fc96f75222bb42a5fca5ad0a53eb,"{""education"": ""b.tech"", ""skills"": [""analytics"", ""python""], ""sector"": [""marketing""], ""location"": [""delhi""]}",381,strategy analytics intern,34.73942400080177
2025-09-21T12:16:24.370282,feedback,815567befbca088ad52d64ea0cda5ab176d1fc96f75222bb42a5fca5ad0a53eb,"{""education"": ""b.tech"", ""skills"": [""analytics"", ""python""], ""sector"": [""marketing""], ""location"": [""delhi""]}",81,strategy analytics intern,34.73942400080177,useful
2025-09-21T12:16:32.576683,feedback,815567befbca088ad52d64ea0cda5ab176d1fc96f75222bb42a5fca5ad0a53eb,"{""education"": ""b.tech"", ""skills"": [""analytics"", ""python""], ""sector"": [""marketing""], ""location"": [""delhi""]}",81,strategy analytics intern,34.73942400080177,useful
2025-09-21T12:16:34.224627,feedback,815567befbca088ad52d64ea0cda5ab176d1fc96f75222bb42a5fca5ad0a53eb,"{""education"": ""b.tech"", ""skills"": [""analytics"", ""python""], ""sector"": [""marketing""], ""location"": [""delhi""]}",81,strategy analytics intern,34.73942400080177,useful
2025-09-21T12:17:16.600978,impression,6edec6113d5888ef609016882fe0eea447569976a14f777684a53ac0805460f1,"{""education"": ""m.tech"", ""skills"": [""analytics"", ""python""], ""sector"": [""data science""], ""location"": [""delhi""]}",81,strategy analytics intern,38.9715993327515
2025-09-21T12:17:16.628968,impression,6edec6113d5888ef609016882fe0eea447569976a14f777684a53ac0805460f1,"{""education"": ""m.tech"", ""skills"": [""analytics"", ""python""], ""sector"": [""data science""], ""location"": [""delhi""]}",103,strategy analytics intern,38.9715993327515
2025-09-21T12:17:16.654286,impression,6edec6113d5888ef609016882fe0eea447569976a14f777684a53ac0805460f1,"{""education"": ""m.tech"", ""skills"": [""analytics"", ""python""], ""sector"": [""data science""], ""location"": [""delhi""]}",105,strategy analytics intern,38.9715993327515
2025-09-21T12:17:16.680295,impression,6edec6113d5888ef609016882fe0eea447569976a14f777684a53ac0805460f1,"{""education"": ""m.tech"", ""skills"": [""analytics"", ""python""], ""sector"": [""data science""], ""location"": [""delhi""]}",131,strategy analytics intern,38.9715993327515
2025-09-21T12:17:16.701412,impression,6edec6113d5888ef609016882fe0eea447569976a14f777684a53ac0805460f1,"{""education"": ""m.tech"", ""skills"": [""analytics"", ""python""], ""sector"": [""data science""], ""location"": [""delhi""]}",225,strategy analytics intern,38.9715993327515
2025-09-21T12:17:16.722379,impression,6edec6113d5888ef609016882fe0eea447569976a14f777684a53ac0805460f1,"{""education"": ""m.tech"", ""skills"": [""analytics"", ""python""], ""sector"": [""data science""], ""location"": [""delhi""]}",247,strategy analytics intern,38.9715993327515
2025-09-21T12:17:16.751437,impression,6edec6113d5888ef609016882fe0eea447569976a14f777684a53ac0805460f1,"{""education"": ""m.tech"", ""skills"": [""analytics"", ""python""], ""sector"": [""data science""], ""location"": [""delhi""]}",253,strategy analytics intern,38.9715993327515
2025-09-21T12:17:16.778349,impression,6edec6113d5888ef609016882fe0eea447569976a14f777684a53ac0805460f1,"{""education"": ""m.tech"", ""skills"": [""analytics"", ""python""], ""sector"": [""data science""], ""location"": [""delhi""]}",287,strategy analytics intern,38.9715993327515
2025-09-21T12:17:16.805328,impression,6edec6113d5888ef609016882fe0eea447569976a14f777684a53ac0805460f1,"{""education"": ""m.tech"", ""skills"": [""analytics"", ""python""], ""sector"": [""data science""], ""location"": [""delhi""]}",315,strategy analytics intern,38.9715993327515
2025-09-21T12:17:16.826284,impression,6edec6113d5888ef609016882fe0eea447569976a14f777684a53ac0805460f1,"{""education"": ""m.tech"", ""skills"": [""analytics"", ""python""], ""sector"": [""data science""], ""location"": [""delhi""]}",381,strategy analytics intern,38.9715993327515
2025-09-21T12:17:21.068869,impression,6edec6113d5888ef609016882fe0eea447569976a14f777684a53ac0805460f1,"{""education"": ""m.tech"", ""skills"": [""analytics"", ""python""], ""sector"": [""data science""], ""location"": [""delhi""]}",81,strategy analytics intern,38.9715993327515
2025-09-21T12:17:21.087924,impression,6edec6113d5888ef609016882fe0eea447569976a14f777684a53ac0805460f1,"{""education"": ""m.tech"", ""skills"": [""analytics"", ""python""], ""sector"": [""data science""], ""location"": [""delhi""]}",103,strategy analytics intern,38.9715993327515
2025-09-21T12:17:21.108107,impression,6edec6113d5888ef609016882fe0eea447569976a14f777684a53ac0805460f1,"{""education"": ""m.tech"", ""skills"": [""analytics"", ""python""], ""sector"": [""data science""], ""location"": [""delhi""]}",105,strategy analytics intern,38.9715993327515
2025-09-21T12:17:21.133138,impression,6edec6113d5888ef609016882fe0eea447569976a14f777684a53ac0805460f1,"{""education"": ""m.tech"", ""skills"": [""analytics"", ""python""], ""sector"": [""data science""], ""location"": [""delhi""]}",131,strategy analytics intern,38.9715993327515
2025-09-21T12:17:21.155282,impression,6edec6113d5888ef609016882fe0eea447569976a14f777684a53ac0805460f1,"{""education"": ""m.tech"", ""skills"": [""analytics"", ""python""], ""sector"": [""data science""], ""location"": [""delhi""]}",225,strategy analytics intern,38.9715993327515
2025-09-21T12:17:21.175801,impression,6edec6113d5888ef609016882fe0eea447569976a14f777684a53ac0805460f1,"{""education"": ""m.tech"", ""skills"": [""analytics"", ""python""], ""sector"": [""data science""], ""location"": [""delhi""]}",247,strategy analytics intern,38.9715993327515
2025-09-21T12:17:21.194279,impression,6edec6113d5888ef609016882fe0eea447569976a14f777684a53ac0805460f1,"{""education"": ""m.tech"", ""skills"": [""analytics"", ""python""], ""sector"": [""data science""], ""location"": [""delhi""]}",253,strategy analytics intern,38.9715993327515
2025-09-21T12:17:21.218785,impression,6edec6113d5888ef609016882fe0eea447569976a14f777684a53ac0805460f1,"{""education"": ""m.tech"", ""skills"": [""analytics"", ""python""], ""sector"": [""data science""], ""location"": [""delhi""]}",287,strategy analytics intern,38.9715993327515
2025-09-21T12:17:21.240904,impression,6edec6113d5888ef609016882fe0eea447569976a14f777684a53ac0805460f1,"{""education"": ""m.tech"", ""skills"": [""analytics"", ""python""], ""sector"": [""data science""], ""location"": [""delhi""]}",315,strategy analytics intern,38.9715993327515
2025-09-21T12:17:21.258071,impression,6edec6113d5888ef609016882fe0eea447569976a14f777684a53ac0805460f1,"{""education"": ""m.tech"", ""skills"": [""analytics"", ""python""], ""sector"": [""data science""], ""location"": [""delhi""]}",381,strategy analytics intern,38.9715993327515
2025-09-21T12:17:24.285826,impression,6edec6113d5888ef609016882fe0eea447569976a14f777684a53ac0805460f1,"{""education"": ""m.tech"", ""skills"": [""analytics"", ""python""], ""sector"": [""data science""], ""location"": [""delhi""]}",81,strategy analytics intern,38.9715993327515
2025-09-21T12:17:24.310782,impression,6edec6113d5888ef609016882fe0eea447569976a14f777684a53ac0805460f1,"{""education"": ""m.tech"", ""skills"": [""analytics"", ""python""], ""sector"": [""data science""], ""location"": [""delhi""]}",103,strategy analytics intern,38.9715993327515
2025-09-21T12:17:24.342776,impression,6edec6113d5888ef609016882fe0eea447569976a14f777684a53ac0805460f1,"{""education"": ""m.tech"", ""skills"": [""analytics"", ""python""], ""sector"": [""data science""], ""location"": [""delhi""]}",105,strategy analytics intern,38.9715993327515
2025-09-21T12:17:24.367733,impression,6edec6113d5888ef609016882fe0eea447569976a14f777684a53ac0805460f1,"{""education"": ""m.tech"", ""skills"": [""analytics"", ""python""], ""sector"": [""data science""], ""location"": [""delhi""]}",131,strategy analytics intern,38.9715993327515
2025-09-21T12:17:45.833842,impression,313404fbac8661d17ad9924d1dc002ba4b67599ff0065ea915c1e9c5c2141dd7,"{""education"": ""m.tech"", ""skills"": [""python"", ""sql""], ""sector"": [""it""], ""location"": [""jaipur""]}",78,backend developer intern,50.15750534207829
2025-09-21T12:17:45.863836,impression,313404fbac8661d17ad9924d1dc002ba4b67599ff0065ea915c1e9c5c2141dd7,"{""education"": ""m.tech"", ""skills"": [""python"", ""sql""], ""sector"": [""it""], ""location"": [""jaipur""]}",91,backend developer intern,50.15750534207829
2025-09-21T12:17:45.891850,impression,313404fbac8661d17ad9924d1dc002ba4b67599ff0065ea915c1e9c5c2141dd7,"{""education"": ""m.tech"", ""skills"": [""python"", ""sql""], ""sector"": [""it""], ""location"": [""jaipur""]}",190,backend developer intern,50.15750534207829
2025-09-21T12:17:45.935813,impression,313404fbac8661d17ad9924d1dc002ba4b67599ff0065ea915c1e9c5c2141dd7,"{""education"": ""m.tech"", ""skills"": [""python"", ""sql""], ""sector"": [""it""], ""location"": [""jaipur""]}",323,backend developer intern,50.15750534207829
2025-09-21T12:17:45.968802,impression,313404fbac8661d17ad9924d1dc002ba4b67599ff0065ea915c1e9c5c2141dd7,"{""education"": ""m.tech"", ""skills"": [""python"", ""sql""], ""sector"": [""it""], ""location"": [""jaipur""]}",329,backend developer intern,50.15750534207829
2025-09-21T12:18:20.540698,impression,80f0278dba79279dcdc2bd43905ca2b91a3ff69a5bb1536ad05f91c5bf13c24d,"{""education"": ""m.tech"", ""skills"": [""python"", ""sql""], ""sector"": [""it""], ""location"": [""noida""]}",27,data analyst intern,46.78939917553395
2025-09-21T12:18:20.573697,impression,80f0278dba79279dcdc2bd43905ca2b91a3ff69a5bb1536ad05f91c5bf13c24d,"{""education"": ""m.tech"", ""skills"": [""python"", ""sql""], ""sector"": [""it""], ""location"": [""noida""]}",93,data analyst intern,46.78939917553395
2025-09-21T12:18:20.603714,impression,80f0278dba79279dcdc2bd43905ca2b91a3ff69a5bb1536ad05f91c5bf13c24d,"{""education"": ""m.tech"", ""skills"": [""python"", ""sql""], ""sector"": [""it""], ""location"": [""noida""]}",66,backend developer intern,45.15750534207829
2025-09-21T12:18:20.645419,impression,80f0278dba79279dcdc2bd43905ca2b91a3ff69a5bb1536ad05f91c5bf13c24d,"{""education"": ""m.tech"", ""skills"": [""python"", ""sql""], ""sector"": [""it""], ""location"": [""noida""]}",78,backend developer intern,45.15750534207829
2025-09-21T12:18:20.676476,impression,80f0278dba79279dcdc2bd43905ca2b91a3ff69a5bb1536ad05f91c5bf13c24d,"{""education"": ""m.tech"", ""skills"": [""python"", ""sql""], ""sector"": [""it""], ""location"": [""noida""]}",91,backend developer intern,45.15750534207829
2025-09-21T12:26:23.593233,impression,890ab20a63bfd3c39113372f3ab58c67a9cb72ac02ac687df7d07d9828af4307,"{""education"": ""mba"", ""skills"": [""hr policies"", ""ms office""], ""sector"": [""marketing""], ""location"": [""chennai""]}",143,human resources intern,36.83419133377149
2025-09-21T12:26:23.658234,impression,890ab20a63bfd3c39113372f3ab58c67a9cb72ac02ac687df7d07d9828af4307,"{""education"": ""mba"", ""skills"": [""hr policies"", ""ms office""], ""sector"": [""marketing""], ""location"": [""chennai""]}",119,hr generalist intern,34.87910447646495
2025-09-21T12:26:23.689235,impression,890ab20a63bfd3c39113372f3ab58c67a9cb72ac02ac687df7d07d9828af4307,"{""education"": ""mba"", ""skills"": [""hr policies"", ""ms office""], ""sector"": [""marketing""], ""location"": [""chennai""]}",150,hr generalist intern,34.87910447646495
2025-09-21T12:26:23.719722,impression,890ab20a63bfd3c39113372f3ab58c67a9cb72ac02ac687df7d07d9828af4307,"{""education"": ""mba"", ""skills"": [""hr policies"", ""ms office""], ""sector"": [""marketing""], ""location"": [""chennai""]}",162,hr generalist intern,34.87910447646495
2025-09-21T12:26:23.751713,impression,890ab20a63bfd3c39113372f3ab58c67a9cb72ac02ac687df7d07d9828af4307,"{""education"": ""mba"", ""skills"": [""hr policies"", ""ms office""], ""sector"": [""marketing""], ""location"": [""chennai""]}",166,hr generalist intern,34.87910447646495
2025-09-21T12:26:23.779731,impression,890ab20a63bfd3c39113372f3ab58c67a9cb72ac02ac687df7d07d9828af4307,"{""education"": ""mba"", ""skills"": [""hr policies"", ""ms office""], ""sector"": [""marketing""], ""location"": [""chennai""]}",176,hr generalist intern,34.87910447646495
2025-09-21T12:26:23.813717,impression,890ab20a63bfd3c39113372f3ab58c67a9cb72ac02ac687df7d07d9828af4307,"{""education"": ""mba"", ""skills"": [""hr policies"", ""ms office""], ""sector"": [""marketing""], ""location"": [""chennai""]}",177,hr generalist intern,34.87910447646495
2025-09-21T12:26:23.843721,impression,890ab20a63bfd3c39113372f3ab58c67a9cb72ac02ac687df7d07d9828af4307,"{""education"": ""mba"", ""skills"": [""hr policies"", ""ms office""], ""sector"": [""marketing""], ""location"": [""chennai""]}",223,hr generalist intern,34.87910447646495
2025-09-21T12:27:16.042283,impression,773556d73b9ac5dcd865a760c3eff44ccaad2b54284d15f1f82ec751c8925014,"{""education"": ""mba"", ""skills"": [""hr policies"", ""ms office""], ""sector"": [""hr""], ""location"": [""chennai""]}",143,human resources intern,48.83419133377149
2025-09-21T12:27:16.064346,impression,773556d73b9ac5dcd865a760c3eff44ccaad2b54284d15f1f82ec751c8925014,"{""education"": ""mba"", ""skills"": [""hr policies"", ""ms office""], ""sector"": [""hr""], ""location"": [""chennai""]}",119,hr generalist intern,48.211493177007824
2025-09-21T12:27:16.087459,impression,773556d73b9ac5dcd865a760c3eff44ccaad2b54284d15f1f82ec751c8925014,"{""education"": ""mba"", ""skills"": [""hr policies"", ""ms office""], ""sector"": [""hr""], ""location"": [""chennai""]}",150,hr generalist intern,48.211493177007824
2025-09-21T12:27:16.107716,impression,773556d73b9ac5dcd865a760c3eff44ccaad2b54284d15f1f82ec751c8925014,"{""education"": ""mba"", ""skills"": [""hr policies"", ""ms office""], ""sector"": [""hr""], ""location"": [""chennai""]}",162,hr generalist intern,48.211493177007824
2025-09-21T12:27:16.128307,impression,773556d73b9ac5dcd865a760c3eff44ccaad2b54284d15f1f82ec751c8925014,"{""education"": ""mba"", ""skills"": [""hr policies"", ""ms office""], ""sector"": [""hr""], ""location"": [""chennai""]}",166,hr generalist intern,48.211493177007824
2025-09-21T12:27:16.152095,impression,773556d73b9ac5dcd865a760c3eff44ccaad2b54284d15f1f82ec751c8925014,"{""education"": ""mba"", ""skills"": [""hr policies"", ""ms office""], ""sector"": [""hr""], ""location"": [""chennai""]}",176,hr generalist intern,48.211493177007824
2025-09-21T12:27:16.172962,impression,773556d73b9ac5dcd865a760c3eff44ccaad2b54284d15f1f82ec751c8925014,"{""education"": ""mba"", ""skills"": [""hr policies"", ""ms office""], ""sector"": [""hr""], ""location"": [""chennai""]}",177,hr generalist intern,48.211493177007824
2025-09-21T12:27:16.195965,impression,773556d73b9ac5dcd865a760c3eff44ccaad2b54284d15f1f82ec751c8925014,"{""education"": ""mba"", ""skills"": [""hr policies"", ""ms office""], ""sector"": [""hr""], ""location"": [""chennai""]}",223,hr generalist intern,48.211493177007824
2025-09-21T12:32:10.287339,impression,4812109fe178e62473a4a661a46c30a7da5f8bcbe3660330cc50709122f936ea,"{""education"": ""mba"", ""skills"": [""communication"", ""ms office""], ""sector"": [""hr""], ""location"": [""delhi""]}",74,human resources intern,90.00000000000001
2025-09-21T12:32:10.332676,impression,4812109fe178e62473a4a661a46c30a7da5f8bcbe3660330cc50709122f936ea,"{""education"": ""mba"", ""skills"": [""communication"", ""ms office""], ""sector"": [""hr""], ""location"": [""delhi""]}",3,human resources intern,80.00000000000003
2025-09-21T12:32:10.363502,impression,4812109fe178e62473a4a661a46c30a7da5f8bcbe3660330cc50709122f936ea,"{""education"": ""mba"", ""skills"": [""communication"", ""ms office""], ""sector"": [""hr""], ""location"": [""delhi""]}",16,human resources intern,80.00000000000003
2025-09-21T12:32:10.390513,impression,4812109fe178e62473a4a661a46c30a7da5f8bcbe3660330cc50709122f936ea,"{""education"": ""mba"", ""skills"": [""communication"", ""ms office""], ""sector"": [""hr""], ""location"": [""delhi""]}",17,human resources intern,80.00000000000003
2025-09-21T12:32:10.419504,impression,4812109fe178e62473a4a661a46c30a7da5f8bcbe3660330cc50709122f936ea,"{""education"": ""mba"", ""skills"": [""communication"", ""ms office""], ""sector"": [""hr""], ""location"": [""delhi""]}",40,human resources intern,80.00000000000003
2025-09-21T12:32:10.455936,impression,4812109fe178e62473a4a661a46c30a7da5f8bcbe3660330cc50709122f936ea,"{""education"": ""mba"", ""skills"": [""communication"", ""ms office""], ""sector"": [""hr""], ""location"": [""delhi""]}",47,human resources intern,80.00000000000003
2025-09-21T12:32:10.492082,impression,4812109fe178e62473a4a661a46c30a7da5f8bcbe3660330cc50709122f936ea,"{""education"": ""mba"", ""skills"": [""communication"", ""ms office""], ""sector"": [""hr""], ""location"": [""delhi""]}",57,human resources intern,80.00000000000003
2025-09-21T12:32:10.535922,impression,4812109fe178e62473a4a661a46c30a7da5f8bcbe3660330cc50709122f936ea,"{""education"": ""mba"", ""skills"": [""communication"", ""ms office""], ""sector"": [""hr""], ""location"": [""delhi""]}",73,human resources intern,80.00000000000003
2025-09-21T12:33:09.325700,impression,773556d73b9ac5dcd865a760c3eff44ccaad2b54284d15f1f82ec751c8925014,"{""education"": ""mba"", ""skills"": [""hr policies"", ""ms office""], ""sector"": [""hr""], ""location"": [""chennai""]}",143,human resources intern,48.83419133377149
2025-09-21T12:33:09.390069,impression,773556d73b9ac5dcd865a760c3eff44ccaad2b54284d15f1f82ec751c8925014,"{""education"": ""mba"", ""skills"": [""hr policies"", ""ms office""], ""sector"": [""hr""], ""location"": [""chennai""]}",119,hr generalist intern,48.211493177007824
2025-09-21T12:33:09.421535,impression,773556d73b9ac5dcd865a760c3eff44ccaad2b54284d15f1f82ec751c8925014,"{""education"": ""mba"", ""skills"": [""hr policies"", ""ms office""], ""sector"": [""hr""], ""location"": [""chennai""]}",150,hr generalist intern,48.211493177007824
2025-09-21T12:33:09.454778,impression,773556d73b9ac5dcd865a760c3eff44ccaad2b54284d15f1f82ec751c8925014,"{""education"": ""mba"", ""skills"": [""hr policies"", ""ms office""], ""sector"": [""hr""], ""location"": [""chennai""]}",162,hr generalist intern,48.211493177007824
2025-09-21T12:33:09.485866,impression,773556d73b9ac5dcd865a760c3eff44ccaad2b54284d15f1f82ec751c8925014,"{""education"": ""mba"", ""skills"": [""hr policies"", ""ms office""], ""sector"": [""hr""], ""location"": [""chennai""]}",166,hr generalist intern,48.211493177007824
2025-09-21T12:33:09.519869,impression,773556d73b9ac5dcd865a760c3eff44ccaad2b54284d15f1f82ec751c8925014,"{""education"": ""mba"", ""skills"": [""hr policies"", ""ms office""], ""sector"": [""hr""], ""location"": [""chennai""]}",176,hr generalist intern,48.211493177007824
2025-09-21T12:33:09.549619,impression,773556d73b9ac5dcd865a760c3eff44ccaad2b54284d15f1f82ec751c8925014,"{""education"": ""mba"", ""skills"": [""hr policies"", ""ms office""], ""sector"": [""hr""], ""location"": [""chennai""]}",177,hr generalist intern,48.211493177007824
2025-09-21T12:33:09.579783,impression,773556d73b9ac5dcd865a760c3eff44ccaad2b54284d15f1f82ec751c8925014,"{""education"": ""mba"", ""skills"": [""hr policies"", ""ms office""], ""sector"": [""hr""], ""location"": [""chennai""]}",223,hr generalist intern,48.211493177007824
2025-09-21T12:33:30.973859,impression,fb5d9a1a600a31908e10153963bbdc1d3df99527278f900e41819f690625b804,"{""education"": ""mba"", ""skills"": [""communication"", ""ms office""], ""sector"": [""hr""], ""location"": [""chennai""]}",143,human resources intern,80.00000000000001
2025-09-21T12:33:31.020919,impression,fb5d9a1a600a31908e10153963bbdc1d3df99527278f900e41819f690625b804,"{""education"": ""mba"", ""skills"": [""communication"", ""ms office""], ""sector"": [""hr""], ""location"": [""chennai""]}",3,human resources intern,75.00000000000001
2025-09-21T12:33:31.051123,impression,fb5d9a1a600a31908e10153963bbdc1d3df99527278f900e41819f690625b804,"{""education"": ""mba"", ""skills"": [""communication"", ""ms office""], ""sector"": [""hr""], ""location"": [""chennai""]}",16,human resources intern,75.00000000000001
2025-09-21T12:33:31.079635,impression,fb5d9a1a600a31908e10153963bbdc1d3df99527278f900e41819f690625b804,"{""education"": ""mba"", ""skills"": [""communication"", ""ms office""], ""sector"": [""hr""], ""location"": [""chennai""]}",17,human resources intern,75.00000000000001
2025-09-21T12:33:31.106357,impression,fb5d9a1a600a31908e10153963bbdc1d3df99527278f900e41819f690625b804,"{""education"": ""mba"", ""skills"": [""communication"", ""ms office""], ""sector"": [""hr""], ""location"": [""chennai""]}",40,human resources intern,75.00000000000001
2025-09-21T12:33:31.134195,impression,fb5d9a1a600a31908e10153963bbdc1d3df99527278f900e41819f690625b804,"{""education"": ""mba"", ""skills"": [""communication"", ""ms office""], ""sector"": [""hr""], ""location"": [""chennai""]}",47,human resources intern,75.00000000000001
2025-09-21T12:33:31.153005,impression,fb5d9a1a600a31908e10153963bbdc1d3df99527278f900e41819f690625b804,"{""education"": ""mba"", ""skills"": [""communication"", ""ms office""], ""sector"": [""hr""], ""location"": [""chennai""]}",57,human resources intern,75.00000000000001
2025-09-21T12:33:31.180086,impression,fb5d9a1a600a31908e10153963bbdc1d3df99527278f900e41819f690625b804,"{""education"": ""mba"", ""skills"": [""communication"", ""ms office""], ""sector"": [""hr""], ""location"": [""chennai""]}",73,human resources intern,75.00000000000001
2025-09-21T12:33:46.289076,impression,4812109fe178e62473a4a661a46c30a7da5f8bcbe3660330cc50709122f936ea,"{""education"": ""mba"", ""skills"": [""communication"", ""ms office""], ""sector"": [""hr""], ""location"": [""delhi""]}",74,human resources intern,80.00000000000001
2025-09-21T12:33:46.326076,impression,4812109fe178e62473a4a661a46c30a7da5f8bcbe3660330cc50709122f936ea,"{""education"": ""mba"", ""skills"": [""communication"", ""ms office""], ""sector"": [""hr""], ""location"": [""delhi""]}",3,human resources intern,75.00000000000001
2025-09-21T12:33:46.362292,impression,4812109fe178e62473a4a661a46c30a7da5f8bcbe3660330cc50709122f936ea,"{""education"": ""mba"", ""skills"": [""communication"", ""ms office""], ""sector"": [""hr""], ""location"": [""delhi""]}",16,human resources intern,75.00000000000001
2025-09-21T12:33:46.405292,impression,4812109fe178e62473a4a661a46c30a7da5f8bcbe3660330cc50709122f936ea,"{""education"": ""mba"", ""skills"": [""communication"", ""ms office""], ""sector"": [""hr""], ""location"": [""delhi""]}",17,human resources intern,75.00000000000001
2025-09-21T12:33:46.432485,impression,4812109fe178e62473a4a661a46c30a7da5f8bcbe3660330cc50709122f936ea,"{""education"": ""mba"", ""skills"": [""communication"", ""ms office""], ""sector"": [""hr""], ""location"": [""delhi""]}",40,human resources intern,75.00000000000001
2025-09-21T12:33:46.453724,impression,4812109fe178e62473a4a661a46c30a7da5f8bcbe3660330cc50709122f936ea,"{""education"": ""mba"", ""skills"": [""communication"", ""ms office""], ""sector"": [""hr""], ""location"": [""delhi""]}",47,human resources intern,75.00000000000001
2025-09-21T12:33:46.478723,impression,4812109fe178e62473a4a661a46c30a7da5f8bcbe3660330cc50709122f936ea,"{""education"": ""mba"", ""skills"": [""communication"", ""ms office""], ""sector"": [""hr""], ""location"": [""delhi""]}",57,human resources intern,75.00000000000001
2025-09-21T12:33:46.506733,impression,4812109fe178e62473a4a661a46c30a7da5f8bcbe3660330cc50709122f936ea,"{""education"": ""mba"", ""skills"": [""communication"", ""ms office""], ""sector"": [""hr""], ""location"": [""delhi""]}",73,human resources intern,75.00000000000001
2025-09-21T12:33:49.908148,impression,4812109fe178e62473a4a661a46c30a7da5f8bcbe3660330cc50709122f936ea,"{""education"": ""mba"", ""skills"": [""communication"", ""ms office""], ""sector"": [""hr""], ""location"": [""delhi""]}",74,human resources intern,80.00000000000001
2025-09-21T12:33:49.950374,impression,4812109fe178e62473a4a661a46c30a7da5f8bcbe3660330cc50709122f936ea,"{""education"": ""mba"", ""skills"": [""communication"", ""ms office""], ""sector"": [""hr""], ""location"": [""delhi""]}",3,human resources intern,75.00000000000001
2025-09-21T12:33:49.979345,impression,4812109fe178e62473a4a661a46c30a7da5f8bcbe3660330cc50709122f936ea,"{""education"": ""mba"", ""skills"": [""communication"", ""ms office""], ""sector"": [""hr""], ""location"": [""delhi""]}",16,human resources intern,75.00000000000001
2025-09-21T12:33:50.000442,impression,4812109fe178e62473a4a661a46c30a7da5f8bcbe3660330cc50709122f936ea,"{""education"": ""mba"", ""skills"": [""communication"", ""ms office""], ""sector"": [""hr""], ""location"": [""delhi""]}",17,human resources intern,75.00000000000001
2025-09-21T12:33:50.021967,impression,4812109fe178e62473a4a661a46c30a7da5f8bcbe3660330cc50709122f936ea,"{""education"": ""mba"", ""skills"": [""communication"", ""ms office""], ""sector"": [""hr""], ""location"": [""delhi""]}",40,human resources intern,75.00000000000001
2025-09-21T12:33:50.044101,impression,4812109fe178e62473a4a661a46c30a7da5f8bcbe3660330cc50709122f936ea,"{""education"": ""mba"", ""skills"": [""communication"", ""ms office""], ""sector"": [""hr""], ""location"": [""delhi""]}",47,human resources intern,75.00000000000001
2025-09-21T12:33:50.069103,impression,4812109fe178e62473a4a661a46c30a7da5f8bcbe3660330cc50709122f936ea,"{""education"": ""mba"", ""skills"": [""communication"", ""ms office""], ""sector"": [""hr""], ""location"": [""delhi""]}",57,human resources intern,75.00000000000001
2025-09-21T12:33:50.091104,impression,4812109fe178e62473a4a661a46c30a7da5f8bcbe3660330cc50709122f936ea,"{""education"": ""mba"", ""skills"": [""communication"", ""ms office""], ""sector"": [""hr""], ""location"": [""delhi""]}",73,human resources intern,75.00000000000001
2025-09-21T12:33:51.127821,impression,4812109fe178e62473a4a661a46c30a7da5f8bcbe3660330cc50709122f936ea,"{""education"": ""mba"", ""skills"": [""communication"", ""ms office""], ""sector"": [""hr""], ""location"": [""delhi""]}",74,human resources intern,80.00000000000001
2025-09-21T12:33:51.384979,impression,4812109fe178e62473a4a661a46c30a7da5f8bcbe3660330cc50709122f936ea,"{""education"": ""mba"", ""skills"": [""communication"", ""ms office""], ""sector"": [""hr""], ""location"": [""delhi""]}",74,human resources intern,80.00000000000001
2025-09-21T12:33:51.407990,impression,4812109fe178e62473a4a661a46c30a7da5f8bcbe3660330cc50709122f936ea,"{""education"": ""mba"", ""skills"": [""communication"", ""ms office""], ""sector"": [""hr""], ""location"": [""delhi""]}",3,human resources intern,75.00000000000001
2025-09-21T12:33:51.428991,impression,4812109fe178e62473a4a661a46c30a7da5f8bcbe3660330cc50709122f936ea,"{""education"": ""mba"", ""skills"": [""communication"", ""ms office""], ""sector"": [""hr""], ""location"": [""delhi""]}",16,human resources intern,75.00000000000001
2025-09-21T12:33:51.450473,impression,4812109fe178e62473a4a661a46c30a7da5f8bcbe3660330cc50709122f936ea,"{""education"": ""mba"", ""skills"": [""communication"", ""ms office""], ""sector"": [""hr""], ""location"": [""delhi""]}",17,human resources intern,75.00000000000001
2025-09-21T12:33:51.469964,impression,4812109fe178e62473a4a661a46c30a7da5f8bcbe3660330cc50709122f936ea,"{""education"": ""mba"", ""skills"": [""communication"", ""ms office""], ""sector"": [""hr""], ""location"": [""delhi""]}",40,human resources intern,75.00000000000001
2025-09-21T12:33:51.494322,impression,4812109fe178e62473a4a661a46c30a7da5f8bcbe3660330cc50709122f936ea,"{""education"": ""mba"", ""skills"": [""communication"", ""ms office""], ""sector"": [""hr""], ""location"": [""delhi""]}",47,human resources intern,75.00000000000001
2025-09-21T12:33:51.518273,impression,4812109fe178e62473a4a661a46c30a7da5f8bcbe3660330cc50709122f936ea,"{""education"": ""mba"", ""skills"": [""communication"", ""ms office""], ""sector"": [""hr""], ""location"": [""delhi""]}",57,human resources intern,75.00000000000001
2025-09-21T12:33:51.540401,impression,4812109fe178e62473a4a661a46c30a7da5f8bcbe3660330cc50709122f936ea,"{""education"": ""mba"", ""skills"": [""communication"", ""ms office""], ""sector"": [""hr""], ""location"": [""delhi""]}",73,human resources intern,75.00000000000001
2025-09-21T12:33:56.966126,impression,0eb7e1b66efe68eaf07c21675994a80786728cc417656a2032b60648b48e6d09,"{""education"": ""mba"", ""skills"": [""communication"", ""ms office""], ""sector"": [""data science""], ""location"": [""delhi""]}",74,human resources intern,68.00000000000001
2025-09-21T12:33:56.999821,impression,0eb7e1b66efe68eaf07c21675994a80786728cc417656a2032b60648b48e6d09,"{""education"": ""mba"", ""skills"": [""communication"", ""ms office""], ""sector"": [""data science""], ""location"": [""delhi""]}",3,human resources intern,63.000000000000014
2025-09-21T12:33:57.030043,impression,0eb7e1b66efe68eaf07c21675994a80786728cc417656a2032b60648b48e6d09,"{""education"": ""mba"", ""skills"": [""communication"", ""ms office""], ""sector"": [""data science""], ""location"": [""delhi""]}",16,human resources intern,63.000000000000014
2025-09-21T12:33:57.059037,impression,0eb7e1b66efe68eaf07c21675994a80786728cc417656a2032b60648b48e6d09,"{""education"": ""mba"", ""skills"": [""communication"", ""ms office""], ""sector"": [""data science""], ""location"": [""delhi""]}",17,human resources intern,63.000000000000014
2025-09-21T12:33:57.084858,impression,0eb7e1b66efe68eaf07c21675994a80786728cc417656a2032b60648b48e6d09,"{""education"": ""mba"", ""skills"": [""communication"", ""ms office""], ""sector"": [""data science""], ""location"": [""delhi""]}",40,human resources intern,63.000000000000014
2025-09-21T12:33:57.105851,impression,0eb7e1b66efe68eaf07c21675994a80786728cc417656a2032b60648b48e6d09,"{""education"": ""mba"", ""skills"": [""communication"", ""ms office""], ""sector"": [""data science""], ""location"": [""delhi""]}",47,human resources intern,63.000000000000014
2025-09-21T12:33:57.122853,impression,0eb7e1b66efe68eaf07c21675994a80786728cc417656a2032b60648b48e6d09,"{""education"": ""mba"", ""skills"": [""communication"", ""ms office""], ""sector"": [""data science""], ""location"": [""delhi""]}",57,human resources intern,63.000000000000014
2025-09-21T12:33:57.142851,impression,0eb7e1b66efe68eaf07c21675994a80786728cc417656a2032b60648b48e6d09,"{""education"": ""mba"", ""skills"": [""communication"", ""ms office""], ""sector"": [""data science""], ""location"": [""delhi""]}",73,human resources intern,63.000000000000014
2025-09-21T12:35:37.855831,impression,313404fbac8661d17ad9924d1dc002ba4b67599ff0065ea915c1e9c5c2141dd7,"{""education"": ""m.tech"", ""skills"": [""python"", ""sql""], ""sector"": [""it""], ""location"": [""jaipur""]}",78,backend developer intern,59.157505342078295
2025-09-21T12:35:37.901837,impression,313404fbac8661d17ad9924d1dc002ba4b67599ff0065ea915c1e9c5c2141dd7,"{""education"": ""m.tech"", ""skills"": [""python"", ""sql""], ""sector"": [""it""], ""location"": [""jaipur""]}",91,backend developer intern,59.157505342078295
2025-09-21T12:35:37.925834,impression,313404fbac8661d17ad9924d1dc002ba4b67599ff0065ea915c1e9c5c2141dd7,"{""education"": ""m.tech"", ""skills"": [""python"", ""sql""], ""sector"": [""it""], ""location"": [""jaipur""]}",190,backend developer intern,59.157505342078295
2025-09-21T12:35:37.947834,impression,313404fbac8661d17ad9924d1dc002ba4b67599ff0065ea915c1e9c5c2141dd7,"{""education"": ""m.tech"", ""skills"": [""python"", ""sql""], ""sector"": [""it""], ""location"": [""jaipur""]}",323,backend developer intern,59.157505342078295
2025-09-21T12:35:37.975370,impression,313404fbac8661d17ad9924d1dc002ba4b67599ff0065ea915c1e9c5c2141dd7,"{""education"": ""m.tech"", ""skills"": [""python"", ""sql""], ""sector"": [""it""], ""location"": [""jaipur""]}",329,backend developer intern,59.157505342078295
2025-09-21T12:36:13.704616,impression,26b5225976d91c3eae508ee0a6d58a624801cc3254508dfbc044edd5e1da161b,"{""education"": ""mba"", ""skills"": [""athlete management""], ""sector"": [""sports""], ""location"": [""jaipur""]}",252,sports management intern,63.25600206562816
2025-09-21T12:36:13.741541,impression,26b5225976d91c3eae508ee0a6d58a624801cc3254508dfbc044edd5e1da161b,"{""education"": ""mba"", ""skills"": [""athlete management""], ""sector"": [""sports""], ""location"": [""jaipur""]}",80,sports management intern,53.25600206562815
2025-09-21T12:36:13.775560,impression,26b5225976d91c3eae508ee0a6d58a624801cc3254508dfbc044edd5e1da161b,"{""education"": ""mba"", ""skills"": [""athlete management""], ""sector"": [""sports""], ""location"": [""jaipur""]}",94,sports management intern,53.25600206562815
2025-09-21T12:36:13.805515,impression,26b5225976d91c3eae508ee0a6d58a624801cc3254508dfbc044edd5e1da161b,"{""education"": ""mba"", ""skills"": [""athlete management""], ""sector"": [""sports""], ""location"": [""jaipur""]}",113,sports management intern,53.25600206562815
2025-09-21T12:36:13.828536,impression,26b5225976d91c3eae508ee0a6d58a624801cc3254508dfbc044edd5e1da161b,"{""education"": ""mba"", ""skills"": [""athlete management""], ""sector"": [""sports""], ""location"": [""jaipur""]}",210,sports management intern,53.25600206562815
2025-09-21T12:38:15.678949,feedback,26b5225976d91c3eae508ee0a6d58a624801cc3254508dfbc044edd5e1da161b,"{""education"": ""mba"", ""skills"": [""athlete management""], ""sector"": [""sports""], ""location"": [""jaipur""]}",252,sports management intern,63.25600206562816,useful
2025-09-21T12:42:18.847246,impression,e2acd0475adbc7aad39fdd96e2cb9c4502cdeb7277bf7c6411eb1e2d117bdc3d,"{""education"": ""mba"", ""skills"": [""python"", ""sql""], ""sector"": [""it""], ""location"": [""jaipur""]}",78,backend developer intern,59.157505342078295
2025-09-21T12:42:18.907248,impression,e2acd0475adbc7aad39fdd96e2cb9c4502cdeb7277bf7c6411eb1e2d117bdc3d,"{""education"": ""mba"", ""skills"": [""python"", ""sql""], ""sector"": [""it""], ""location"": [""jaipur""]}",91,backend developer intern,59.157505342078295
2025-09-21T12:42:18.939243,impression,e2acd0475adbc7aad39fdd96e2cb9c4502cdeb7277bf7c6411eb1e2d117bdc3d,"{""education"": ""mba"", ""skills"": [""python"", ""sql""], ""sector"": [""it""], ""location"": [""jaipur""]}",190,backend developer intern,59.157505342078295
2025-09-21T12:42:18.964242,impression,e2acd0475adbc7aad39fdd96e2cb9c4502cdeb7277bf7c6411eb1e2d117bdc3d,"{""education"": ""mba"", ""skills"": [""python"", ""sql""], ""sector"": [""it""], ""location"": [""jaipur""]}",323,backend developer intern,59.157505342078295
2025-09-21T12:42:18.993246,impression,e2acd0475adbc7aad39fdd96e2cb9c4502cdeb7277bf7c6411eb1e2d117bdc3d,"{""education"": ""mba"", ""skills"": [""python"", ""sql""], ""sector"": [""it""], ""location"": [""jaipur""]}",329,backend developer intern,59.157505342078295
2025-09-21T12:42:27.877622,impression,5854bcdfa45cfc1bf1b347b083614bcbab713c2fab64d4c79be9297c76f247c9,"{""education"": ""mba"", ""skills"": [""python"", ""sql""], ""sector"": [""it""], ""location"": [""chennai""]}",266,data analyst intern,56.78939917553396
2025-09-21T12:42:27.907947,impression,5854bcdfa45cfc1bf1b347b083614bcbab713c2fab64d4c79be9297c76f247c9,"{""education"": ""mba"", ""skills"": [""python"", ""sql""], ""sector"": [""it""], ""location"": [""chennai""]}",66,backend developer intern,49.157505342078295
2025-09-21T12:42:27.941470,impression,5854bcdfa45cfc1bf1b347b083614bcbab713c2fab64d4c79be9297c76f247c9,"{""education"": ""mba"", ""skills"": [""python"", ""sql""], ""sector"": [""it""], ""location"": [""chennai""]}",78,backend developer intern,49.157505342078295
2025-09-21T12:42:27.964970,impression,5854bcdfa45cfc1bf1b347b083614bcbab713c2fab64d4c79be9297c76f247c9,"{""education"": ""mba"", ""skills"": [""python"", ""sql""], ""sector"": [""it""], ""location"": [""chennai""]}",91,backend developer intern,49.157505342078295
2025-09-21T12:42:27.988932,impression,5854bcdfa45cfc1bf1b347b083614bcbab713c2fab64d4c79be9297c76f247c9,"{""education"": ""mba"", ""skills"": [""python"", ""sql""], ""sector"": [""it""], ""location"": [""chennai""]}",128,backend developer intern,49.157505342078295
2025-09-21T12:42:32.018120,feedback,5854bcdfa45cfc1bf1b347b083614bcbab713c2fab64d4c79be9297c76f247c9,"{""education"": ""mba"", ""skills"": [""python"", ""sql""], ""sector"": [""it""], ""location"": [""chennai""]}",266,data analyst intern,56.78939917553396,useful
2025-09-21T12:42:44.238581,feedback,5854bcdfa45cfc1bf1b347b083614bcbab713c2fab64d4c79be9297c76f247c9,"{""education"": ""mba"", ""skills"": [""python"", ""sql""], ""sector"": [""it""], ""location"": [""chennai""]}",266,data analyst intern,56.78939917553396,useful
2025-09-21T12:46:56.126773,impression,97e6fcc4e853ab23347abb3974219ae505d2f761da9c8de81e9507bf9493f85e,"{""education"": ""mba"", ""skills"": [""adobe photoshop"", ""ms office""], ""sector"": [""hr""], ""location"": [""kolkata""]}",3,human resources intern,52.59665235807615
2025-09-21T12:46:56.181956,impression,97e6fcc4e853ab23347abb3974219ae505d2f761da9c8de81e9507bf9493f85e,"{""education"": ""mba"", ""skills"": [""adobe photoshop"", ""ms office""], ""sector"": [""hr""], ""location"": [""kolkata""]}",191,human resources intern,52.59665235807615
2025-09-21T12:46:56.224695,impression,97e6fcc4e853ab23347abb3974219ae505d2f761da9c8de81e9507bf9493f85e,"{""education"": ""mba"", ""skills"": [""adobe photoshop"", ""ms office""], ""sector"": [""hr""], ""location"": [""kolkata""]}",16,human resources intern,42.59665235807614
2025-09-21T12:46:56.251655,impression,97e6fcc4e853ab23347abb3974219ae505d2f761da9c8de81e9507bf9493f85e,"{""education"": ""mba"", ""skills"": [""adobe photoshop"", ""ms office""], ""sector"": [""hr""], ""location"": [""kolkata""]}",17,human resources intern,42.59665235807614
2025-09-21T12:46:56.283041,impression,97e6fcc4e853ab23347abb3974219ae505d2f761da9c8de81e9507bf9493f85e,"{""education"": ""mba"", ""skills"": [""adobe photoshop"", ""ms office""], ""sector"": [""hr""], ""location"": [""kolkata""]}",40,human resources intern,42.59665235807614
2025-09-21T12:46:56.311588,impression,97e6fcc4e853ab23347abb3974219ae505d2f761da9c8de81e9507bf9493f85e,"{""education"": ""mba"", ""skills"": [""adobe photoshop"", ""ms office""], ""sector"": [""hr""], ""location"": [""kolkata""]}",47,human resources intern,42.59665235807614
2025-09-21T12:46:56.343675,impression,97e6fcc4e853ab23347abb3974219ae505d2f761da9c8de81e9507bf9493f85e,"{""education"": ""mba"", ""skills"": [""adobe photoshop"", ""ms office""], ""sector"": [""hr""], ""location"": [""kolkata""]}",57,human resources intern,42.59665235807614
2025-09-21T12:47:13.291839,feedback,97e6fcc4e853ab23347abb3974219ae505d2f761da9c8de81e9507bf9493f85e,"{""education"": ""mba"", ""skills"": [""adobe photoshop"", ""ms office""], ""sector"": [""hr""], ""location"": [""kolkata""]}",191,human resources intern,52.59665235807615,useful
2025-09-21T12:47:17.955510,feedback,97e6fcc4e853ab23347abb3974219ae505d2f761da9c8de81e9507bf9493f85e,"{""education"": ""mba"", ""skills"": [""adobe photoshop"", ""ms office""], ""sector"": [""hr""], ""location"": [""kolkata""]}",191,human resources intern,52.59665235807615,useful
2025-09-21T12:47:19.629816,feedback,97e6fcc4e853ab23347abb3974219ae505d2f761da9c8de81e9507bf9493f85e,"{""education"": ""mba"", ""skills"": [""adobe photoshop"", ""ms office""], ""sector"": [""hr""], ""location"": [""kolkata""]}",3,human resources intern,52.59665235807615,useful
2025-09-21T12:47:20.628707,feedback,97e6fcc4e853ab23347abb3974219ae505d2f761da9c8de81e9507bf9493f85e,"{""education"": ""mba"", ""skills"": [""adobe photoshop"", ""ms office""], ""sector"": [""hr""], ""location"": [""kolkata""]}",3,human resources intern,52.59665235807615,not_useful
2025-09-21T12:47:40.458341,feedback,97e6fcc4e853ab23347abb3974219ae505d2f761da9c8de81e9507bf9493f85e,"{""education"": ""mba"", ""skills"": [""adobe photoshop"", ""ms office""], ""sector"": [""hr""], ""location"": [""kolkata""]}",3,human resources intern,52.59665235807615,useful
2025-09-21T12:52:11.163222,impression,27dfa298c879b4976ee25a8fbd36b14a5dd6b2b14488abd5d26991b158a774ea,"{""education"": ""mba"", ""skills"": [""adobe photoshop"", ""communication"", ""ms office""], ""sector"": [""hr""], ""location"": [""ahmedabad""]}",3,human resources intern,59.88844906592428
2025-09-21T12:52:11.194175,impression,27dfa298c879b4976ee25a8fbd36b14a5dd6b2b14488abd5d26991b158a774ea,"{""education"": ""mba"", ""skills"": [""adobe photoshop"", ""communication"", ""ms office""], ""sector"": [""hr""], ""location"": [""ahmedabad""]}",16,human resources intern,59.88844906592428
2025-09-21T12:52:11.212125,impression,27dfa298c879b4976ee25a8fbd36b14a5dd6b2b14488abd5d26991b158a774ea,"{""education"": ""mba"", ""skills"": [""adobe photoshop"", ""communication"", ""ms office""], ""sector"": [""hr""], ""location"": [""ahmedabad""]}",17,human resources intern,59.88844906592428
2025-09-21T12:52:11.231138,impression,27dfa298c879b4976ee25a8fbd36b14a5dd6b2b14488abd5d26991b158a774ea,"{""education"": ""mba"", ""skills"": [""adobe photoshop"", ""communication"", ""ms office""], ""sector"": [""hr""], ""location"": [""ahmedabad""]}",40,human resources intern,59.88844906592428
2025-09-21T12:52:11.247137,impression,27dfa298c879b4976ee25a8fbd36b14a5dd6b2b14488abd5d26991b158a774ea,"{""education"": ""mba"", ""skills"": [""adobe photoshop"", ""communication"", ""ms office""], ""sector"": [""hr""], ""location"": [""ahmedabad""]}",47,human resources intern,59.88844906592428
2025-09-21T12:52:11.267137,impression,27dfa298c879b4976ee25a8fbd36b14a5dd6b2b14488abd5d26991b158a774ea,"{""education"": ""mba"", ""skills"": [""adobe photoshop"", ""communication"", ""ms office""], ""sector"": [""hr""], ""location"": [""ahmedabad""]}",57,human resources intern,59.88844906592428
2025-09-21T12:52:11.288124,impression,27dfa298c879b4976ee25a8fbd36b14a5dd6b2b14488abd5d26991b158a774ea,"{""education"": ""mba"", ""skills"": [""adobe photoshop"", ""communication"", ""ms office""], ""sector"": [""hr""], ""location"": [""ahmedabad""]}",73,human resources intern,59.88844906592428
2025-09-21T12:52:19.974216,impression,024c7a4b0b2dda226d9d5fc167b3e1aa573862ddf323f574c3ba19f0ea6fb8e0,"{""education"": ""mba"", ""skills"": [""adobe photoshop"", ""communication"", ""ms office""], ""sector"": [""hr""], ""location"": [""delhi""]}",74,human resources intern,69.88844906592429
2025-09-21T12:52:20.003191,impression,024c7a4b0b2dda226d9d5fc167b3e1aa573862ddf323f574c3ba19f0ea6fb8e0,"{""education"": ""mba"", ""skills"": [""adobe photoshop"", ""communication"", ""ms office""], ""sector"": [""hr""], ""location"": [""delhi""]}",3,human resources intern,59.88844906592428
2025-09-21T12:52:20.050226,impression,024c7a4b0b2dda226d9d5fc167b3e1aa573862ddf323f574c3ba19f0ea6fb8e0,"{""education"": ""mba"", ""skills"": [""adobe photoshop"", ""communication"", ""ms office""], ""sector"": [""hr""], ""location"": [""delhi""]}",16,human resources intern,59.88844906592428
2025-09-21T12:52:20.076606,impression,024c7a4b0b2dda226d9d5fc167b3e1aa573862ddf323f574c3ba19f0ea6fb8e0,"{""education"": ""mba"", ""skills"": [""adobe photoshop"", ""communication"", ""ms office""], ""sector"": [""hr""], ""location"": [""delhi""]}",17,human resources intern,59.88844906592428
2025-09-21T12:52:20.098470,impression,024c7a4b0b2dda226d9d5fc167b3e1aa573862ddf323f574c3ba19f0ea6fb8e0,"{""education"": ""mba"", ""skills"": [""adobe photoshop"", ""communication"", ""ms office""], ""sector"": [""hr""], ""location"": [""delhi""]}",40,human resources intern,59.88844906592428
2025-09-21T12:52:20.124211,impression,024c7a4b0b2dda226d9d5fc167b3e1aa573862ddf323f574c3ba19f0ea6fb8e0,"{""education"": ""mba"", ""skills"": [""adobe photoshop"", ""communication"", ""ms office""], ""sector"": [""hr""], ""location"": [""delhi""]}",47,human resources intern,59.88844906592428
2025-09-21T12:52:20.145229,impression,024c7a4b0b2dda226d9d5fc167b3e1aa573862ddf323f574c3ba19f0ea6fb8e0,"{""education"": ""mba"", ""skills"": [""adobe photoshop"", ""communication"", ""ms office""], ""sector"": [""hr""], ""location"": [""delhi""]}",57,human resources intern,59.88844906592428
2025-09-21T12:52:28.783343,impression,4812109fe178e62473a4a661a46c30a7da5f8bcbe3660330cc50709122f936ea,"{""education"": ""mba"", ""skills"": [""communication"", ""ms office""], ""sector"": [""hr""], ""location"": [""delhi""]}",74,human resources intern,90.00000000000001
2025-09-21T12:52:28.807392,impression,4812109fe178e62473a4a661a46c30a7da5f8bcbe3660330cc50709122f936ea,"{""education"": ""mba"", ""skills"": [""communication"", ""ms office""], ""sector"": [""hr""], ""location"": [""delhi""]}",3,human resources intern,80.00000000000003
2025-09-21T12:52:28.831083,impression,4812109fe178e62473a4a661a46c30a7da5f8bcbe3660330cc50709122f936ea,"{""education"": ""mba"", ""skills"": [""communication"", ""ms office""], ""sector"": [""hr""], ""location"": [""delhi""]}",16,human resources intern,80.00000000000003
2025-09-21T12:52:28.855553,impression,4812109fe178e62473a4a661a46c30a7da5f8bcbe3660330cc50709122f936ea,"{""education"": ""mba"", ""skills"": [""communication"", ""ms office""], ""sector"": [""hr""], ""location"": [""delhi""]}",17,human resources intern,80.00000000000003
2025-09-21T12:52:28.881554,impression,4812109fe178e62473a4a661a46c30a7da5f8bcbe3660330cc50709122f936ea,"{""education"": ""mba"", ""skills"": [""communication"", ""ms office""], ""sector"": [""hr""], ""location"": [""delhi""]}",40,human resources intern,80.00000000000003
2025-09-21T12:52:28.905547,impression,4812109fe178e62473a4a661a46c30a7da5f8bcbe3660330cc50709122f936ea,"{""education"": ""mba"", ""skills"": [""communication"", ""ms office""], ""sector"": [""hr""], ""location"": [""delhi""]}",47,human resources intern,80.00000000000003
2025-09-21T12:52:28.943037,impression,4812109fe178e62473a4a661a46c30a7da5f8bcbe3660330cc50709122f936ea,"{""education"": ""mba"", ""skills"": [""communication"", ""ms office""], ""sector"": [""hr""], ""location"": [""delhi""]}",57,human resources intern,80.00000000000003
2025-09-21T12:52:45.644319,impression,d961171b5ed378bca7b06b271ced56a4a3376962b5ae2b8b1cc2cea6bc8005ce,"{""education"": ""mba"", ""skills"": [""ms office""], ""sector"": [""hr""], ""location"": [""delhi""]}",74,human resources intern,72.42640687119287
2025-09-21T12:52:45.674201,impression,d961171b5ed378bca7b06b271ced56a4a3376962b5ae2b8b1cc2cea6bc8005ce,"{""education"": ""mba"", ""skills"": [""ms office""], ""sector"": [""hr""], ""location"": [""delhi""]}",3,human resources intern,62.426406871192874
2025-09-21T12:52:45.702745,impression,d961171b5ed378bca7b06b271ced56a4a3376962b5ae2b8b1cc2cea6bc8005ce,"{""education"": ""mba"", ""skills"": [""ms office""], ""sector"": [""hr""], ""location"": [""delhi""]}",16,human resources intern,62.426406871192874
2025-09-21T12:52:45.729696,impression,d961171b5ed378bca7b06b271ced56a4a3376962b5ae2b8b1cc2cea6bc8005ce,"{""education"": ""mba"", ""skills"": [""ms office""], ""sector"": [""hr""], ""location"": [""delhi""]}",17,human resources intern,62.426406871192874
2025-09-21T12:52:45.759658,impression,d961171b5ed378bca7b06b271ced56a4a3376962b5ae2b8b1cc2cea6bc8005ce,"{""education"": ""mba"", ""skills"": [""ms office""], ""sector"": [""hr""], ""location"": [""delhi""]}",40,human resources intern,62.426406871192874
2025-09-21T12:52:45.789703,impression,d961171b5ed378bca7b06b271ced56a4a3376962b5ae2b8b1cc2cea6bc8005ce,"{""education"": ""mba"", ""skills"": [""ms office""], ""sector"": [""hr""], ""location"": [""delhi""]}",47,human resources intern,62.426406871192874
2025-09-21T12:52:45.817606,impression,d961171b5ed378bca7b06b271ced56a4a3376962b5ae2b8b1cc2cea6bc8005ce,"{""education"": ""mba"", ""skills"": [""ms office""], ""sector"": [""hr""], ""location"": [""delhi""]}",57,human resources intern,62.426406871192874
2025-09-21T12:53:01.054647,impression,1f1d9c337b31eb19c9b41a52373bccff2ddb690be15c5d7a2cdd4c0a46e87c4e,"{""education"": ""mba"", ""skills"": [""ms office""], ""sector"": [""consulting""], ""location"": [""delhi""]}",74,human resources intern,60.426406871192874
2025-09-21T12:53:01.079754,impression,1f1d9c337b31eb19c9b41a52373bccff2ddb690be15c5d7a2cdd4c0a46e87c4e,"{""education"": ""mba"", ""skills"": [""ms office""], ""sector"": [""consulting""], ""location"": [""delhi""]}",3,human resources intern,50.42640687119287
2025-09-21T12:53:01.104648,impression,1f1d9c337b31eb19c9b41a52373bccff2ddb690be15c5d7a2cdd4c0a46e87c4e,"{""education"": ""mba"", ""skills"": [""ms office""], ""sector"": [""consulting""], ""location"": [""delhi""]}",16,human resources intern,50.42640687119287
2025-09-21T12:53:01.134650,impression,1f1d9c337b31eb19c9b41a52373bccff2ddb690be15c5d7a2cdd4c0a46e87c4e,"{""education"": ""mba"", ""skills"": [""ms office""], ""sector"": [""consulting""], ""location"": [""delhi""]}",17,human resources intern,50.42640687119287
2025-09-21T12:53:01.163647,impression,1f1d9c337b31eb19c9b41a52373bccff2ddb690be15c5d7a2cdd4c0a46e87c4e,"{""education"": ""mba"", ""skills"": [""ms office""], ""sector"": [""consulting""], ""location"": [""delhi""]}",40,human resources intern,50.42640687119287
2025-09-21T12:53:01.187661,impression,1f1d9c337b31eb19c9b41a52373bccff2ddb690be15c5d7a2cdd4c0a46e87c4e,"{""education"": ""mba"", ""skills"": [""ms office""], ""sector"": [""consulting""], ""location"": [""delhi""]}",47,human resources intern,50.42640687119287
2025-09-21T12:53:01.210646,impression,1f1d9c337b31eb19c9b41a52373bccff2ddb690be15c5d7a2cdd4c0a46e87c4e,"{""education"": ""mba"", ""skills"": [""ms office""], ""sector"": [""consulting""], ""location"": [""delhi""]}",57,human resources intern,50.42640687119287
2025-09-21T12:53:11.783515,impression,fe4de05c4f00436e2154c720cefbbcc916cb5dce39ee185b31d133f42ad41b06,"{""education"": ""mba"", ""skills"": [""athlete management"", ""ms office""], ""sector"": [""consulting""], ""location"": [""delhi""]}",74,human resources intern,46.486113933798975
2025-09-21T12:53:11.813617,impression,fe4de05c4f00436e2154c720cefbbcc916cb5dce39ee185b31d133f42ad41b06,"{""education"": ""mba"", ""skills"": [""athlete management"", ""ms office""], ""sector"": [""consulting""], ""location"": [""delhi""]}",113,sports management intern,41.31708008376857
2025-09-21T12:53:11.845939,impression,fe4de05c4f00436e2154c720cefbbcc916cb5dce39ee185b31d133f42ad41b06,"{""education"": ""mba"", ""skills"": [""athlete management"", ""ms office""], ""sector"": [""consulting""], ""location"": [""delhi""]}",210,sports management intern,41.31708008376857
2025-09-21T12:53:11.873029,impression,fe4de05c4f00436e2154c720cefbbcc916cb5dce39ee185b31d133f42ad41b06,"{""education"": ""mba"", ""skills"": [""athlete management"", ""ms office""], ""sector"": [""consulting""], ""location"": [""delhi""]}",344,sports management intern,41.31708008376857
2025-09-21T12:53:11.898834,impression,fe4de05c4f00436e2154c720cefbbcc916cb5dce39ee185b31d133f42ad41b06,"{""education"": ""mba"", ""skills"": [""athlete management"", ""ms office""], ""sector"": [""consulting""], ""location"": [""delhi""]}",373,sports management intern,41.31708008376857
2025-09-21T12:53:11.920835,impression,fe4de05c4f00436e2154c720cefbbcc916cb5dce39ee185b31d133f42ad41b06,"{""education"": ""mba"", ""skills"": [""athlete management"", ""ms office""], ""sector"": [""consulting""], ""location"": [""delhi""]}",3,human resources intern,36.48611393379897
2025-09-21T12:53:11.942838,impression,fe4de05c4f00436e2154c720cefbbcc916cb5dce39ee185b31d133f42ad41b06,"{""education"": ""mba"", ""skills"": [""athlete management"", ""ms office""], ""sector"": [""consulting""], ""location"": [""delhi""]}",16,human resources intern,36.48611393379897
2025-09-21T12:53:21.767541,feedback,fe4de05c4f00436e2154c720cefbbcc916cb5dce39ee185b31d133f42ad41b06,"{""education"": ""mba"", ""skills"": [""athlete management"", ""ms office""], ""sector"": [""consulting""], ""location"": [""delhi""]}",74,human resources intern,46.486113933798975,useful
2025-09-21T12:53:25.449196,feedback,fe4de05c4f00436e2154c720cefbbcc916cb5dce39ee185b31d133f42ad41b06,"{""education"": ""mba"", ""skills"": [""athlete management"", ""ms office""], ""sector"": [""consulting""], ""location"": [""delhi""]}",113,sports management intern,41.31708008376857,not_useful
2025-09-21T12:53:38.211439,feedback,fe4de05c4f00436e2154c720cefbbcc916cb5dce39ee185b31d133f42ad41b06,"{""education"": ""mba"", ""skills"": [""athlete management"", ""ms office""], ""sector"": [""consulting""], ""location"": [""delhi""]}",3,human resources intern,36.48611393379897,useful
2025-09-21T13:28:37.633884,impression,6fb0a774b89c1f1cbef1c622b84c56d7fece9a559e94e55f6fecfd385a82542a,"{""education"": ""b.tech"", ""skills"": [""aws"", ""python"", ""sql""], ""sector"": [""it""], ""location"": [""jaipur""]}",240,cloud engineering intern,52.843178367926654
2025-09-21T13:28:37.695888,impression,6fb0a774b89c1f1cbef1c622b84c56d7fece9a559e94e55f6fecfd385a82542a,"{""education"": ""b.tech"", ""skills"": [""aws"", ""python"", ""sql""], ""sector"": [""it""], ""location"": [""jaipur""]}",367,cloud engineering intern,52.843178367926654
2025-09-21T13:28:37.733984,impression,6fb0a774b89c1f1cbef1c622b84c56d7fece9a559e94e55f6fecfd385a82542a,"{""education"": ""b.tech"", ""skills"": [""aws"", ""python"", ""sql""], ""sector"": [""it""], ""location"": [""jaipur""]}",416,cloud engineering intern,52.843178367926654
2025-09-21T13:28:37.768982,impression,6fb0a774b89c1f1cbef1c622b84c56d7fece9a559e94e55f6fecfd385a82542a,"{""education"": ""b.tech"", ""skills"": [""aws"", ""python"", ""sql""], ""sector"": [""it""], ""location"": [""jaipur""]}",436,cloud engineering intern,52.843178367926654
2025-09-21T13:28:37.815600,impression,6fb0a774b89c1f1cbef1c622b84c56d7fece9a559e94e55f6fecfd385a82542a,"{""education"": ""b.tech"", ""skills"": [""aws"", ""python"", ""sql""], ""sector"": [""it""], ""location"": [""jaipur""]}",462,cloud engineering intern,52.843178367926654
2025-09-21T13:29:07.516664,feedback,6fb0a774b89c1f1cbef1c622b84c56d7fece9a559e94e55f6fecfd385a82542a,"{""education"": ""b.tech"", ""skills"": [""aws"", ""python"", ""sql""], ""sector"": [""it""], ""location"": [""jaipur""]}",367,cloud engineering intern,52.843178367926654,useful
2025-09-21T13:29:12.984310,impression,6fb0a774b89c1f1cbef1c622b84c56d7fece9a559e94e55f6fecfd385a82542a,"{""education"": ""b.tech"", ""skills"": [""aws"", ""python"", ""sql""], ""sector"": [""it""], ""location"": [""jaipur""]}",240,cloud engineering intern,52.843178367926654
2025-09-21T13:29:13.008307,impression,6fb0a774b89c1f1cbef1c622b84c56d7fece9a559e94e55f6fecfd385a82542a,"{""education"": ""b.tech"", ""skills"": [""aws"", ""python"", ""sql""], ""sector"": [""it""], ""location"": [""jaipur""]}",367,cloud engineering intern,52.843178367926654
2025-09-21T13:29:13.030984,impression,6fb0a774b89c1f1cbef1c622b84c56d7fece9a559e94e55f6fecfd385a82542a,"{""education"": ""b.tech"", ""skills"": [""aws"", ""python"", ""sql""], ""sector"": [""it""], ""location"": [""jaipur""]}",416,cloud engineering intern,52.843178367926654
2025-09-21T13:29:13.051991,impression,6fb0a774b89c1f1cbef1c622b84c56d7fece9a559e94e55f6fecfd385a82542a,"{""education"": ""b.tech"", ""skills"": [""aws"", ""python"", ""sql""], ""sector"": [""it""], ""location"": [""jaipur""]}",436,cloud engineering intern,52.843178367926654
2025-09-21T13:29:13.069995,impression,6fb0a774b89c1f1cbef1c622b84c56d7fece9a559e94e55f6fecfd385a82542a,"{""education"": ""b.tech"", ""skills"": [""aws"", ""python"", ""sql""], ""sector"": [""it""], ""location"": [""jaipur""]}",462,cloud engineering intern,52.843178367926654
